Rank,Title,Year,Cast,Character
1,Gone With the Wind,1939,Thomas Mitchell,Gerald O'Hara
1,Gone With the Wind,1939,Barbara O'Neil,Ellen - His Wife
1,Gone With the Wind,1939,Vivien Leigh,Scarlett - Their Daughter
1,Gone With the Wind,1939,Evelyn Keyes,Suellen - Their Daughter
1,Gone With the Wind,1939,Ann Rutherford,Carreen - Their Daughter
1,Gone With the Wind,1939,George Reeves,Brent Tarleton - Scarlett's Beau
1,Gone With the Wind,1939,Fred Crane,Stuart Tarleton - Scarlett's Beau
1,Gone With the Wind,1939,Hattie McDaniel,Mammy - House Servant
1,Gone With the Wind,1939,Oscar Polk,Pork - House Servant
1,Gone With the Wind,1939,Butterfly McQueen,Prissy - House Servant
2,Star Wars: Episode IV - A New Hope,1977,Mark Hamill,Luke Skywalker
2,Star Wars: Episode IV - A New Hope,1977,Harrison Ford,Han Solo
2,Star Wars: Episode IV - A New Hope,1977,Carrie Fisher,Princess Leia Organa
2,Star Wars: Episode IV - A New Hope,1977,Peter Cushing,Grand Moff Tarkin
2,Star Wars: Episode IV - A New Hope,1977,Alec Guinness,Ben Obi-Wan Kenobi
2,Star Wars: Episode IV - A New Hope,1977,Anthony Daniels,C-3PO
2,Star Wars: Episode IV - A New Hope,1977,Kenny Baker,R2-D2
2,Star Wars: Episode IV - A New Hope,1977,Peter Mayhew,Chewbacca
2,Star Wars: Episode IV - A New Hope,1977,David Prowse,Darth Vader
2,Star Wars: Episode IV - A New Hope,1977,Phil Brown,Uncle Owen
3,The Sound of Music,1965,Julie Andrews,Maria
3,The Sound of Music,1965,Christopher Plummer,Captain Von Trapp
3,The Sound of Music,1965,Eleanor Parker,The Baroness
3,The Sound of Music,1965,Richard Haydn,Max Detweiler
3,The Sound of Music,1965,Peggy Wood,Mother Abbess
3,The Sound of Music,1965,Charmian Carr,Liesl
3,The Sound of Music,1965,Heather Menzies-Urich,Louisa
3,The Sound of Music,1965,Nicholas Hammond,Friedrich
3,The Sound of Music,1965,Duane Chase,Kurt
3,The Sound of Music,1965,Angela Cartwright,Brigitta
4,E. T. The Extra-Terrestrial,1982,Dee Wallace,Mary
4,E. T. The Extra-Terrestrial,1982,Henry Thomas,Elliott
4,E. T. The Extra-Terrestrial,1982,Peter Coyote,Keys
4,E. T. The Extra-Terrestrial,1982,Robert MacNaughton,Michael
4,E. T. The Extra-Terrestrial,1982,Drew Barrymore,Gertie
4,E. T. The Extra-Terrestrial,1982,K.C. Martel,Greg
4,E. T. The Extra-Terrestrial,1982,Sean Frye,Steve
4,E. T. The Extra-Terrestrial,1982,C. Thomas Howell,Tyler
4,E. T. The Extra-Terrestrial,1982,Erika Eleniak,Pretty Girl
4,E. T. The Extra-Terrestrial,1982,David M. O'Dell,Schoolboy
5,Titanic,1997,Leonardo DiCaprio,Jack Dawson
5,Titanic,1997,Kate Winslet,Rose DeWitt Bukater
5,Titanic,1997,Billy Zane,Caledon 'Cal' Hockley
5,Titanic,1997,Kathy Bates,Molly Brown
5,Titanic,1997,Frances Fisher,Ruth Dewitt Bukater
5,Titanic,1997,Gloria Stuart,Old Rose
5,Titanic,1997,Bill Paxton,Brock Lovett
5,Titanic,1997,Bernard Hill,Captain Edward James Smith
5,Titanic,1997,David Warner,Spicer Lovejoy
5,Titanic,1997,Victor Garber,Thomas Andrews
6,The Ten Commandments,1956,Charlton Heston,Moses
6,The Ten Commandments,1956,Yul Brynner,Rameses
6,The Ten Commandments,1956,Anne Baxter,Nefretiri
6,The Ten Commandments,1956,Edward G. Robinson,Dathan
6,The Ten Commandments,1956,Yvonne De Carlo,Sephora
6,The Ten Commandments,1956,Debra Paget,Lilia
6,The Ten Commandments,1956,John Derek,Joshua
6,The Ten Commandments,1956,Cedric Hardwicke,Sethi
6,The Ten Commandments,1956,Nina Foch,Bithiah
6,The Ten Commandments,1956,Martha Scott,Yochabel
7,Jaws,1975,Roy Scheider,Brody
7,Jaws,1975,Robert Shaw,Quint
7,Jaws,1975,Richard Dreyfuss,Hooper
7,Jaws,1975,Lorraine Gary,Ellen Brody
7,Jaws,1975,Murray Hamilton,Vaughn
7,Jaws,1975,Carl Gottlieb,Meadows
7,Jaws,1975,Jeffrey Kramer,Hendricks
7,Jaws,1975,Susan Backlinie,Chrissie
7,Jaws,1975,Jonathan Filley,Cassidy
7,Jaws,1975,Ted Grossman,Estuary Victim
8,Doctor Zhivago,1965,Omar Sharif,Yuri
8,Doctor Zhivago,1965,Julie Christie,Lara
8,Doctor Zhivago,1965,Geraldine Chaplin,Tonya
8,Doctor Zhivago,1965,Rod Steiger,Komarovsky
8,Doctor Zhivago,1965,Alec Guinness,Yevgraf
8,Doctor Zhivago,1965,Tom Courtenay,Pasha
8,Doctor Zhivago,1965,Siobhan McKenna,Anna
8,Doctor Zhivago,1965,Ralph Richardson,Alexander
8,Doctor Zhivago,1965,Rita Tushingham,The Girl
8,Doctor Zhivago,1965,Jeffrey Rockland,Sasha
9,The Exorcist,1973,Ellen Burstyn,Chris MacNeil
9,The Exorcist,1973,Max von Sydow,Father Merrin
9,The Exorcist,1973,Lee J. Cobb,Lt. William Kinderman
9,The Exorcist,1973,Kitty Winn,Sharon
9,The Exorcist,1973,Jack MacGowran,Burke Dennings
9,The Exorcist,1973,Jason Miller,Father Karras
9,The Exorcist,1973,Linda Blair,Regan
9,The Exorcist,1973,William O'Malley,Father Dyer
9,The Exorcist,1973,Barton Heyman,Dr. Klein
9,The Exorcist,1973,Peter Masterson,Dr. Barringer - Clinic Director
10,Snow White and the Seven Dwarfs,1937,Roy Atwell,Doc
10,Snow White and the Seven Dwarfs,1937,Stuart Buchanan,Huntsman
10,Snow White and the Seven Dwarfs,1937,Adriana Caselotti,Snow White
10,Snow White and the Seven Dwarfs,1937,Hall Johnson Choir,Finale Chorus
10,Snow White and the Seven Dwarfs,1937,Eddie Collins,Dopey / Chipmunk and Squirrel sneezes
10,Snow White and the Seven Dwarfs,1937,Pinto Colvig,Sleepy / Grumpy / Dopey blowing bubbles
10,Snow White and the Seven Dwarfs,1937,Marion Darlington,Birds
10,Snow White and the Seven Dwarfs,1937,Billy Gilbert,Sneezy
10,Snow White and the Seven Dwarfs,1937,Otis Harlan,Happy
10,Snow White and the Seven Dwarfs,1937,Lucille La Verne,Queen / Witch
11,Star Wars: The Force Awakens,2015,Harrison Ford,Han Solo
11,Star Wars: The Force Awakens,2015,Mark Hamill,Luke Skywalker
11,Star Wars: The Force Awakens,2015,Carrie Fisher,Princess Leia
11,Star Wars: The Force Awakens,2015,Adam Driver,Kylo Ren
11,Star Wars: The Force Awakens,2015,Daisy Ridley,Rey
11,Star Wars: The Force Awakens,2015,John Boyega,Finn
11,Star Wars: The Force Awakens,2015,Oscar Isaac,Poe Dameron
11,Star Wars: The Force Awakens,2015,Lupita Nyong'o,Maz Kanata
11,Star Wars: The Force Awakens,2015,Andy Serkis,Supreme Leader Snoke
11,Star Wars: The Force Awakens,2015,Domhnall Gleeson,General Hux
12,101 Dalmatians,1961,Glenn Close,Cruella De Vil
12,101 Dalmatians,1961,Jeff Daniels,Roger
12,101 Dalmatians,1961,Joely Richardson,Anita
12,101 Dalmatians,1961,Joan Plowright,Nanny
12,101 Dalmatians,1961,Hugh Laurie,Jasper
12,101 Dalmatians,1961,Mark Williams,Horace
12,101 Dalmatians,1961,John Shrapnel,Skinner
12,101 Dalmatians,1961,Tim McInnerny,Alonzo
12,101 Dalmatians,1961,Hugh Fraser,Frederick
12,101 Dalmatians,1961,Zohren Weiss,Herbert
13,Star Wars: Episode V - The Empire Strikes Back,1980,Mark Hamill,Luke Skywalker
13,Star Wars: Episode V - The Empire Strikes Back,1980,Harrison Ford,Han Solo
13,Star Wars: Episode V - The Empire Strikes Back,1980,Carrie Fisher,Princess Leia
13,Star Wars: Episode V - The Empire Strikes Back,1980,Billy Dee Williams,Lando Calrissian
13,Star Wars: Episode V - The Empire Strikes Back,1980,Anthony Daniels,C-3PO
13,Star Wars: Episode V - The Empire Strikes Back,1980,David Prowse,Darth Vader
13,Star Wars: Episode V - The Empire Strikes Back,1980,Peter Mayhew,Chewbacca
13,Star Wars: Episode V - The Empire Strikes Back,1980,Kenny Baker,R2-D2
13,Star Wars: Episode V - The Empire Strikes Back,1980,Frank Oz,Yoda
13,Star Wars: Episode V - The Empire Strikes Back,1980,Alec Guinness,Ben
14,Ben-Hur,1959,Jack Huston,Judah Ben-Hur
14,Ben-Hur,1959,Nazanin Boniadi,Esther
14,Ben-Hur,1959,Haluk Bilginer,Simonides
14,Ben-Hur,1959,Pilou AsbÌ_k,Pontius Pilate
14,Ben-Hur,1959,Marwan Kenzari,Druses
14,Ben-Hur,1959,Rodrigo Santoro,Jesus
14,Ben-Hur,1959,Moises Arias,Gestas
14,Ben-Hur,1959,Yasen Atour,Jacob
14,Ben-Hur,1959,David Walmsley,Marcus Decimus
14,Ben-Hur,1959,Ayelet Zurer,Naomi
15,Avatar,2009,Sam Worthington,Jake Sully
15,Avatar,2009,Zoe Saldana,Neytiri
15,Avatar,2009,Sigourney Weaver,Dr. Grace Augustine
15,Avatar,2009,Stephen Lang,Colonel Miles Quaritch
15,Avatar,2009,Michelle Rodriguez,Trudy ChacÌ_n
15,Avatar,2009,Giovanni Ribisi,Parker Selfridge
15,Avatar,2009,Joel David Moore,Norm Spellman
15,Avatar,2009,CCH Pounder,Moat
15,Avatar,2009,Wes Studi,Eytukan
15,Avatar,2009,Laz Alonso,Tsu'tey
16,Star Wars: Episode VI - Return of the Jedi,1983,Mark Hamill,Luke Skywalker
16,Star Wars: Episode VI - Return of the Jedi,1983,Harrison Ford,Han Solo
16,Star Wars: Episode VI - Return of the Jedi,1983,Carrie Fisher,Princess Leia
16,Star Wars: Episode VI - Return of the Jedi,1983,Billy Dee Williams,Lando Calrissian
16,Star Wars: Episode VI - Return of the Jedi,1983,Anthony Daniels,C-3PO
16,Star Wars: Episode VI - Return of the Jedi,1983,Peter Mayhew,Chewbacca
16,Star Wars: Episode VI - Return of the Jedi,1983,Sebastian Shaw,Anakin Skywalker
16,Star Wars: Episode VI - Return of the Jedi,1983,Ian McDiarmid,The Emperor
16,Star Wars: Episode VI - Return of the Jedi,1983,Frank Oz,Yoda
16,Star Wars: Episode VI - Return of the Jedi,1983,James Earl Jones,Darth Vader
17,Jurassic Park,1993,Sam Neill,Dr. Alan Grant
17,Jurassic Park,1993,Laura Dern,Dr. Ellie Sattler
17,Jurassic Park,1993,Jeff Goldblum,Dr. Ian Malcolm
17,Jurassic Park,1993,Richard Attenborough,John Hammond
17,Jurassic Park,1993,Bob Peck,Robert Muldoon
17,Jurassic Park,1993,Martin Ferrero,Donald Gennaro
17,Jurassic Park,1993,Joseph Mazzello,Tim Murphy
17,Jurassic Park,1993,Ariana Richards,Lex Murphy
17,Jurassic Park,1993,Samuel L. Jackson,Ray Arnold
17,Jurassic Park,1993,BD Wong,Henry Wu
18,Star Wars: Episode I - The Phantom Menace,1999,Liam Neeson,Qui-Gon Jinn
18,Star Wars: Episode I - The Phantom Menace,1999,Ewan McGregor,Obi-Wan Kenobi
18,Star Wars: Episode I - The Phantom Menace,1999,Natalie Portman,Queen Amidala / PadmÌ©
18,Star Wars: Episode I - The Phantom Menace,1999,Jake Lloyd,Anakin Skywalker
18,Star Wars: Episode I - The Phantom Menace,1999,Ian McDiarmid,Senator Palpatine
18,Star Wars: Episode I - The Phantom Menace,1999,Pernilla August,Shmi Skywalker
18,Star Wars: Episode I - The Phantom Menace,1999,Oliver Ford Davies,Sio Bibble
18,Star Wars: Episode I - The Phantom Menace,1999,Hugh Quarshie,Captain Panaka
18,Star Wars: Episode I - The Phantom Menace,1999,Ahmed Best,Jar Jar Binks
18,Star Wars: Episode I - The Phantom Menace,1999,Anthony Daniels,C-3PO
19,The Lion King,1994,Matthew Broderick,Adult Simba
19,The Lion King,1994,Jonathan Taylor Thomas,Young Simba
19,The Lion King,1994,James Earl Jones,Mufasa
19,The Lion King,1994,Jim Cummings,Ed
19,The Lion King,1994,Jeremy Irons,Scar
19,The Lion King,1994,Moira Kelly,Adult Nala
19,The Lion King,1994,Niketa Calame,Young Nala
19,The Lion King,1994,Ernie Sabella,Pumbaa
19,The Lion King,1994,Nathan Lane,Timon
19,The Lion King,1994,Robert Guillaume,Rafiki
20,The Sting,1973,Paul Newman,Henry Gondorff
20,The Sting,1973,Robert Redford,Johnny Hooker
20,The Sting,1973,Robert Shaw,Doyle Lonnegan
20,The Sting,1973,Charles Durning,Lt. Wm. Snyder
20,The Sting,1973,Ray Walston,J.J. Singleton
20,The Sting,1973,Eileen Brennan,Billie
20,The Sting,1973,Harold Gould,Kid Twist
20,The Sting,1973,John Heffernan,Eddie Niles
20,The Sting,1973,Dana Elcar,F.B.I. Agent Polk
20,The Sting,1973,Jack Kehoe,Erie Kid
21,Raiders of the Lost Ark,1981,Harrison Ford,Indy
21,Raiders of the Lost Ark,1981,Karen Allen,Marion Ravenwood
21,Raiders of the Lost Ark,1981,Paul Freeman,Dr. RenÌ© Belloq
21,Raiders of the Lost Ark,1981,Ronald Lacey,Major Arnold Toht
21,Raiders of the Lost Ark,1981,John Rhys-Davies,Sallah
21,Raiders of the Lost Ark,1981,Denholm Elliott,Dr. Marcus Brody
21,Raiders of the Lost Ark,1981,Alfred Molina,Satipo
21,Raiders of the Lost Ark,1981,Wolf Kahler,Colonel Dietrich
21,Raiders of the Lost Ark,1981,Anthony Higgins,Gobler
21,Raiders of the Lost Ark,1981,Vic Tablian,Barranca / Monkey Man
22,The Graduate,1967,Anne Bancroft,Mrs. Robinson
22,The Graduate,1967,Dustin Hoffman,Ben Braddock
22,The Graduate,1967,Katharine Ross,Elaine Robinson
22,The Graduate,1967,William Daniels,Mr. Braddock
22,The Graduate,1967,Murray Hamilton,Mr. Robinson
22,The Graduate,1967,Elizabeth Wilson,Mrs. Braddock
22,The Graduate,1967,Buck Henry,Room Clerk
22,The Graduate,1967,Brian Avery,Carl Smith
22,The Graduate,1967,Walter Brooke,Mr. McGuire
22,The Graduate,1967,Norman Fell,Mr. McCleery
23,Fantasia,1940,Leopold Stokowski,Himself - Conductor of The Philadelphia Orchestra
23,Fantasia,1940,Deems Taylor,Himself - Narrative Introductions
23,Fantasia,1940,Corey Burton,Narrator: Deems Taylor overdubs
23,Fantasia,1940,Walt Disney,Mickey Mouse
23,Fantasia,1940,James MacDonald,Percussionist
23,Fantasia,1940,Julietta Novis,Soloist
23,Fantasia,1940,Paul J. Smith,Violinist
24,Jurassic World,2015,Chris Pratt,Owen
24,Jurassic World,2015,Bryce Dallas Howard,Claire
24,Jurassic World,2015,Irrfan Khan,Masrani
24,Jurassic World,2015,Vincent D'Onofrio,Hoskins
24,Jurassic World,2015,Ty Simpkins,Gray
24,Jurassic World,2015,Nick Robinson,Zach
24,Jurassic World,2015,Jake Johnson,Lowery
24,Jurassic World,2015,Omar Sy,Barry
24,Jurassic World,2015,BD Wong,Dr. Henry Wu
24,Jurassic World,2015,Judy Greer,Karen
25,The Godfather,1972,Marlon Brando,Don Vito Corleone
25,The Godfather,1972,Al Pacino,Michael Corleone
25,The Godfather,1972,James Caan,Sonny Corleone
25,The Godfather,1972,Richard S. Castellano,Clemenza
25,The Godfather,1972,Robert Duvall,Tom Hagen
25,The Godfather,1972,Sterling Hayden,Capt. McCluskey
25,The Godfather,1972,John Marley,Jack Woltz
25,The Godfather,1972,Richard Conte,Barzini
25,The Godfather,1972,Al Lettieri,Sollozzo
25,The Godfather,1972,Diane Keaton,Kay Adams
26,Forrest Gump,1994,Tom Hanks,Forrest Gump
26,Forrest Gump,1994,Rebecca Williams,Nurse at Park Bench
26,Forrest Gump,1994,Sally Field,Mrs. Gump
26,Forrest Gump,1994,Michael Conner Humphreys,Young Forrest
26,Forrest Gump,1994,Harold G. Herthum,Doctor
26,Forrest Gump,1994,George Kelly,Barber
26,Forrest Gump,1994,Bob Penny,Crony
26,Forrest Gump,1994,John Randall,Crony
26,Forrest Gump,1994,Sam Anderson,Principal
26,Forrest Gump,1994,Margo Moorer,Louise
27,Mary Poppins,1964,Julie Andrews,Mary Poppins
27,Mary Poppins,1964,Dick Van Dyke,Bert / Mr. Dawes Senior
27,Mary Poppins,1964,David Tomlinson,Mr. Banks
27,Mary Poppins,1964,Glynis Johns,Mrs. Banks
27,Mary Poppins,1964,Hermione Baddeley,The Domestic
27,Mary Poppins,1964,Reta Shaw,The Domestic
27,Mary Poppins,1964,Karen Dotrice,Jane Banks
27,Mary Poppins,1964,Matthew Garber,Michael Banks
27,Mary Poppins,1964,Elsa Lanchester,Katie Nanna
27,Mary Poppins,1964,Arthur Treacher,The Constable
28,Grease,1978,John Travolta,Danny
28,Grease,1978,Olivia Newton-John,Sandy
28,Grease,1978,Stockard Channing,Rizzo
28,Grease,1978,Jeff Conaway,Kenickie
28,Grease,1978,Barry Pearl,Doody
28,Grease,1978,Michael Tucci,Sonny
28,Grease,1978,Kelly Ward,Putzie
28,Grease,1978,Didi Conn,Frenchy
28,Grease,1978,Jamie Donnelly,Jan
28,Grease,1978,Dinah Manoff,Marty
29,Marvel's The Avengers,2012,Robert Downey Jr.,Tony Stark / Iron Man
29,Marvel's The Avengers,2012,Chris Evans,Steve Rogers / Captain America
29,Marvel's The Avengers,2012,Mark Ruffalo,Bruce Banner / The Hulk
29,Marvel's The Avengers,2012,Chris Hemsworth,Thor
29,Marvel's The Avengers,2012,Scarlett Johansson,Natasha Romanoff / Black Widow
29,Marvel's The Avengers,2012,Jeremy Renner,Clint Barton / Hawkeye
29,Marvel's The Avengers,2012,Tom Hiddleston,Loki
29,Marvel's The Avengers,2012,Clark Gregg,Agent Phil Coulson
29,Marvel's The Avengers,2012,Cobie Smulders,Agent Maria Hill
29,Marvel's The Avengers,2012,Stellan SkarsgÌ´rd,Selvig
30,Thunderball,1965,Sean Connery,James Bond
30,Thunderball,1965,Claudine Auger,Domino
30,Thunderball,1965,Adolfo Celi,Largo
30,Thunderball,1965,Luciana Paluzzi,Fiona
30,Thunderball,1965,Rik Van Nutter,Felix Leiter
30,Thunderball,1965,Guy Doleman,Count Lippe
30,Thunderball,1965,Molly Peters,Patricia
30,Thunderball,1965,Martine Beswick,Paula
30,Thunderball,1965,Bernard Lee,'M'
30,Thunderball,1965,Desmond Llewelyn,'Q'
31,The Dark Knight,2008,Christian Bale,Bruce Wayne
31,The Dark Knight,2008,Heath Ledger,Joker
31,The Dark Knight,2008,Aaron Eckhart,Harvey Dent
31,The Dark Knight,2008,Michael Caine,Alfred
31,The Dark Knight,2008,Maggie Gyllenhaal,Rachel
31,The Dark Knight,2008,Gary Oldman,Gordon
31,The Dark Knight,2008,Morgan Freeman,Lucius Fox
31,The Dark Knight,2008,Monique Gabriela Curnen,Ramirez
31,The Dark Knight,2008,Ron Dean,Wuertz
31,The Dark Knight,2008,Cillian Murphy,Scarecrow
32,The Jungle Book,1967,Neel Sethi,Mowgli
32,The Jungle Book,1967,Bill Murray,Baloo
32,The Jungle Book,1967,Ben Kingsley,Bagheera
32,The Jungle Book,1967,Idris Elba,Shere Khan
32,The Jungle Book,1967,Lupita Nyong'o,Raksha
32,The Jungle Book,1967,Scarlett Johansson,Kaa
32,The Jungle Book,1967,Giancarlo Esposito,Akela
32,The Jungle Book,1967,Christopher Walken,King Louie
32,The Jungle Book,1967,Garry Shandling,Ikki
32,The Jungle Book,1967,Brighton Rose,Gray
33,Sleeping Beauty,1959,Bridgette Barrett,Dinner Waitress
33,Sleeping Beauty,1959,Rachael Blake,Clara
33,Sleeping Beauty,1959,Hannah Bella Bowden,Dinner Waitress
33,Sleeping Beauty,1959,Emily Browning,Lucy
33,Sleeping Beauty,1959,Alan Cardy,Dinner Guest
33,Sleeping Beauty,1959,Peter Carroll,Man 1
33,Sleeping Beauty,1959,Les Chantery,Driver
33,Sleeping Beauty,1959,Benita Collings,Dinner Guest
33,Sleeping Beauty,1959,Michael Dorman,Cook
33,Sleeping Beauty,1959,Eden Falk,Thomas
34,Ghostbusters,1984,Chris Hemsworth,Kevin
34,Ghostbusters,1984,Melissa McCarthy,Abby Yates
34,Ghostbusters,1984,Kristen Wiig,Erin Gilbert
34,Ghostbusters,1984,Bill Murray,
34,Ghostbusters,1984,Sigourney Weaver,
34,Ghostbusters,1984,Kate McKinnon,Jillian Holtzmann
34,Ghostbusters,1984,Charles Dance,
34,Ghostbusters,1984,Elizabeth Perkins,Scientist
34,Ghostbusters,1984,Michael Kenneth Williams,Hawkins
34,Ghostbusters,1984,Andy Garcia,NYC Mayor
35,Shrek 2,2004,Mike Myers,Shrek
35,Shrek 2,2004,Eddie Murphy,Donkey
35,Shrek 2,2004,Cameron Diaz,Princess Fiona
35,Shrek 2,2004,Julie Andrews,Queen
35,Shrek 2,2004,Antonio Banderas,Puss In Boots
35,Shrek 2,2004,John Cleese,King
35,Shrek 2,2004,Rupert Everett,Prince Charming
35,Shrek 2,2004,Jennifer Saunders,Fairy Godmother
35,Shrek 2,2004,Aron Warner,Wolf
35,Shrek 2,2004,Kelly Asbury,Page / Elf / Nobleman / Nobleman's Son
36,Butch Cassidy and the Sundance Kid,1969,Paul Newman,Butch Cassidy
36,Butch Cassidy and the Sundance Kid,1969,Robert Redford,The Sundance Kid
36,Butch Cassidy and the Sundance Kid,1969,Katharine Ross,Etta Place
36,Butch Cassidy and the Sundance Kid,1969,Strother Martin,Percy Garris
36,Butch Cassidy and the Sundance Kid,1969,Henry Jones,Bike Salesman
36,Butch Cassidy and the Sundance Kid,1969,Jeff Corey,Sheriff Bledsoe
36,Butch Cassidy and the Sundance Kid,1969,George Furth,Woodcock
36,Butch Cassidy and the Sundance Kid,1969,Cloris Leachman,Agnes
36,Butch Cassidy and the Sundance Kid,1969,Ted Cassidy,Harvey Logan
36,Butch Cassidy and the Sundance Kid,1969,Kenneth Mars,Marshal
37,Love Story,1970,Ali MacGraw,Jenny
37,Love Story,1970,Ryan O'Neal,Oliver
37,Love Story,1970,John Marley,Phil
37,Love Story,1970,Ray Milland,Oliver Barrett III
37,Love Story,1970,Russell Nype,Dean Thompson
37,Love Story,1970,Katharine Balfour,Mrs. Barrett
37,Love Story,1970,Sydney Walker,Dr. Shapeley
37,Love Story,1970,Robert Modica,Dr. Addison
37,Love Story,1970,Walker Daniels,Ray Oliver's Roommate
37,Love Story,1970,Tommy Lee Jones,Hank Oliver's Roommate
38,Spider-Man,2002,Tobey Maguire,Spider-Man / Peter Parker
38,Spider-Man,2002,Willem Dafoe,Green Goblin / Norman Osborn
38,Spider-Man,2002,Kirsten Dunst,Mary Jane Watson
38,Spider-Man,2002,James Franco,Harry Osborn
38,Spider-Man,2002,Cliff Robertson,Ben Parker
38,Spider-Man,2002,Rosemary Harris,May Parker
38,Spider-Man,2002,J.K. Simmons,J. Jonah Jameson
38,Spider-Man,2002,Joe Manganiello,Flash Thompson
38,Spider-Man,2002,Gerry Becker,Maximilian Fargas
38,Spider-Man,2002,Bill Nunn,Joseph 'Robbie' Robertson
39,Independence Day,1996,Will Smith,Captain Steven Hiller
39,Independence Day,1996,Bill Pullman,President Thomas J. Whitmore
39,Independence Day,1996,Jeff Goldblum,David Levinson
39,Independence Day,1996,Mary McDonnell,First Lady Marilyn Whitmore
39,Independence Day,1996,Judd Hirsch,Julius Levinson
39,Independence Day,1996,Robert Loggia,General William Grey
39,Independence Day,1996,Randy Quaid,Russell Casse
39,Independence Day,1996,Margaret Colin,Constance Spano
39,Independence Day,1996,Vivica A. Fox,Jasmine Dubrow
39,Independence Day,1996,James Rebhorn,Albert Nimziki
40,Home Alone,1990,Macaulay Culkin,Kevin McCallister
40,Home Alone,1990,Joe Pesci,Harry Lime
40,Home Alone,1990,Daniel Stern,Marv Merchants
40,Home Alone,1990,John Heard,Peter McCallister
40,Home Alone,1990,Roberts Blossom,Old Man Marley
40,Home Alone,1990,Catherine O'Hara,Kate McCallister
40,Home Alone,1990,Angela Goethals,Linnie McCallister
40,Home Alone,1990,Devin Ratray,Buzz McCallister
40,Home Alone,1990,Gerry Bamman,Uncle Frank
40,Home Alone,1990,Hillary Wolf,Megan McCallister
41,Pinocchio,1940,Mel Blanc,Figaro / Donkeys / Gideon / Marionette Soldiers
41,Pinocchio,1940,Don Brodie,Carnival Barkers
41,Pinocchio,1940,Walter Catlett,J. Worthington Foulfellow
41,Pinocchio,1940,Marion Darlington,Birds
41,Pinocchio,1940,Frankie Darro,Lampwick
41,Pinocchio,1940,Cliff Edwards,Jiminy Cricket
41,Pinocchio,1940,Dickie Jones,Pinocchio / Alexander
41,Pinocchio,1940,Charles Judels,Stromboli / The Coachman
41,Pinocchio,1940,Clarence Nash,Roughhouse Statue / Donkeys
41,Pinocchio,1940,Patricia Page,Marionettes
42,Cleopatra,1963,Elizabeth Taylor,Cleopatra
42,Cleopatra,1963,Richard Burton,Mark Antony
42,Cleopatra,1963,Rex Harrison,Julius Caesar
42,Cleopatra,1963,Pamela Brown,High Priestess
42,Cleopatra,1963,George Cole,Flavius
42,Cleopatra,1963,Hume Cronyn,Sosigenes
42,Cleopatra,1963,Cesare Danova,Apollodorus
42,Cleopatra,1963,Kenneth Haigh,Brutus
42,Cleopatra,1963,Andrew Keir,Agrippa
42,Cleopatra,1963,Martin Landau,Rufio
43,Beverly Hills Cop,1984,Eddie Murphy,Axel Foley
43,Beverly Hills Cop,1984,Judge Reinhold,Det. Billy Rosewood
43,Beverly Hills Cop,1984,John Ashton,Sgt. Taggart
43,Beverly Hills Cop,1984,Lisa Eilbacher,Jenny Summers
43,Beverly Hills Cop,1984,Ronny Cox,Lt. Bogomil
43,Beverly Hills Cop,1984,Steven Berkoff,Victor Maitland
43,Beverly Hills Cop,1984,James Russo,Mikey Tandino
43,Beverly Hills Cop,1984,Jonathan Banks,Zack
43,Beverly Hills Cop,1984,Stephen Elliott,Chief Hubbard
43,Beverly Hills Cop,1984,Gilbert R. Hill,Inspector Todd
44,Goldfinger,1964,Sean Connery,James Bond
44,Goldfinger,1964,Honor Blackman,Pussy Galore
44,Goldfinger,1964,Gert FrÌ¦be,Goldfinger / Auric Goldfinger
44,Goldfinger,1964,Shirley Eaton,Jill Masterson
44,Goldfinger,1964,Tania Mallet,Tilly Masterson
44,Goldfinger,1964,Harold Sakata,Oddjob
44,Goldfinger,1964,Bernard Lee,'M'
44,Goldfinger,1964,Martin Benson,Solo
44,Goldfinger,1964,Cec Linder,Felix Leiter
44,Goldfinger,1964,Austin Willis,Simmons
45,Airport,1970,Burt Lancaster,Mel Bakersfeld
45,Airport,1970,Dean Martin,Vernon Demerest
45,Airport,1970,Jean Seberg,Tanya Livingston
45,Airport,1970,Jacqueline Bisset,Gwen Meighen
45,Airport,1970,George Kennedy,Patroni
45,Airport,1970,Helen Hayes,Ada Quonsett
45,Airport,1970,Van Heflin,D.O. Guerrero
45,Airport,1970,Maureen Stapleton,Inez Guerrero
45,Airport,1970,Barry Nelson,Anson Harris
45,Airport,1970,Dana Wynter,Cindy
46,American Graffiti,1973,Richard Dreyfuss,Curt
46,American Graffiti,1973,Ron Howard,Steve
46,American Graffiti,1973,Paul Le Mat,John
46,American Graffiti,1973,Charles Martin Smith,Terry
46,American Graffiti,1973,Cindy Williams,Laurie
46,American Graffiti,1973,Candy Clark,Debbie
46,American Graffiti,1973,Mackenzie Phillips,Carol
46,American Graffiti,1973,Wolfman Jack,Disc Jockey
46,American Graffiti,1973,Bo Hopkins,Joe
46,American Graffiti,1973,Manuel Padilla Jr.,Carlos
47,The Robe,1953,Richard Burton,Marcellus Gallio
47,The Robe,1953,Jean Simmons,Diana
47,The Robe,1953,Victor Mature,Demetrius
47,The Robe,1953,Michael Rennie,Peter
47,The Robe,1953,Jay Robinson,Caligula
47,The Robe,1953,Dean Jagger,Justus
47,The Robe,1953,Torin Thatcher,Sen. Gallio
47,The Robe,1953,Richard Boone,Pontius Pilate
47,The Robe,1953,Betta St. John,Miriam
47,The Robe,1953,Jeff Morrow,Paulus
48,Pirates of the Caribbean: Dead Man's Chest,2006,Johnny Depp,Jack Sparrow
48,Pirates of the Caribbean: Dead Man's Chest,2006,Orlando Bloom,Will Turner
48,Pirates of the Caribbean: Dead Man's Chest,2006,Keira Knightley,Elizabeth Swann
48,Pirates of the Caribbean: Dead Man's Chest,2006,Jack Davenport,Norrington
48,Pirates of the Caribbean: Dead Man's Chest,2006,Bill Nighy,Davy Jones
48,Pirates of the Caribbean: Dead Man's Chest,2006,Jonathan Pryce,Governor Weatherby Swann
48,Pirates of the Caribbean: Dead Man's Chest,2006,Lee Arenberg,Pintel
48,Pirates of the Caribbean: Dead Man's Chest,2006,Mackenzie Crook,Ragetti
48,Pirates of the Caribbean: Dead Man's Chest,2006,Kevin McNally,Gibbs
48,Pirates of the Caribbean: Dead Man's Chest,2006,David Bailie,Cotton
49,Around the World in 80 Days,1956,Jackie Chan,Passepartout / Lau Xing
49,Around the World in 80 Days,1956,Steve Coogan,Phileas Fogg
49,Around the World in 80 Days,1956,CÌ©cile De France,Monique La Roche
49,Around the World in 80 Days,1956,Robert Fyfe,Jean Michel
49,Around the World in 80 Days,1956,Jim Broadbent,Lord Kelvin
49,Around the World in 80 Days,1956,Ian McNeice,Colonel Kitchener
49,Around the World in 80 Days,1956,David Ryall,Lord Salisbury
49,Around the World in 80 Days,1956,Roger Hammond,Lord Rhodes
49,Around the World in 80 Days,1956,Adam Godley,Mr. Sutton
49,Around the World in 80 Days,1956,Howard Cooper,Academy Member #1
50,Bambi,1942,Hardie Albright,Adolescent Bambi
50,Bambi,1942,Stan Alexander,Young Flower
50,Bambi,1942,Bobette Audrey,
50,Bambi,1942,Peter Behn,Young Thumper
50,Bambi,1942,Thelma Boardman,Girl Bunny / Quail Mother / Female Pheasant
50,Bambi,1942,Janet Chapman,
50,Bambi,1942,Jeanne Christy,
50,Bambi,1942,Dolyn Bramston Cook,
50,Bambi,1942,Marion Darlington,Birds
50,Bambi,1942,Tim Davis,Adult Thumper / Adolescent Flower
51,Blazing Saddles,1974,Cleavon Little,Bart
51,Blazing Saddles,1974,Gene Wilder,Jim
51,Blazing Saddles,1974,Slim Pickens,Taggart
51,Blazing Saddles,1974,Harvey Korman,Hedley Lamarr
51,Blazing Saddles,1974,Madeline Kahn,Lili Von Shtupp
51,Blazing Saddles,1974,Mel Brooks,Governor William J. Lepetomane / Indian Chief
51,Blazing Saddles,1974,Burton Gilliam,Lyle
51,Blazing Saddles,1974,Alex Karras,Mongo
51,Blazing Saddles,1974,David Huddleston,Olson Johnson
51,Blazing Saddles,1974,Liam Dunn,Rev. Johnson
52,Batman,1989,Michael Keaton,Batman / Bruce Wayne
52,Batman,1989,Jack Nicholson,Joker / Jack Napier
52,Batman,1989,Kim Basinger,Vicki Vale
52,Batman,1989,Robert Wuhl,Alexander Knox
52,Batman,1989,Pat Hingle,Commissioner James Gordon
52,Batman,1989,Billy Dee Williams,Harvey Dent
52,Batman,1989,Michael Gough,Alfred Pennyworth
52,Batman,1989,Jack Palance,Carl Grissom
52,Batman,1989,Jerry Hall,Alicia Hunt
52,Batman,1989,Tracey Walter,Bob the Goon
53,Cinderella,1950,Cate Blanchett,Stepmother
53,Cinderella,1950,Lily James,Cinderella
53,Cinderella,1950,Richard Madden,Prince
53,Cinderella,1950,Helena Bonham Carter,Fairy Godmother
53,Cinderella,1950,Nonso Anozie,Captain
53,Cinderella,1950,Stellan SkarsgÌ´rd,Grand Duke
53,Cinderella,1950,Sophie McShera,Drisella
53,Cinderella,1950,Holliday Grainger,Anastasia
53,Cinderella,1950,Derek Jacobi,King
53,Cinderella,1950,Ben Chaplin,Ella's Father
54,The Bells of St. Mary's,1945,Bing Crosby,Father Chuck O'Malley
54,The Bells of St. Mary's,1945,Ingrid Bergman,Sister Mary Benedict
54,The Bells of St. Mary's,1945,Henry Travers,Horace P. Bogardus
54,The Bells of St. Mary's,1945,William Gargan,Joe Gallagher - Patsy's father
54,The Bells of St. Mary's,1945,Ruth Donnelly,Sister Michael
54,The Bells of St. Mary's,1945,Joan Carroll,Patricia 'Patsy' Gallagher
54,The Bells of St. Mary's,1945,Martha Sleeper,Mary Gallagher - Patsy's mother
54,The Bells of St. Mary's,1945,Rhys Williams,Dr. McKay
54,The Bells of St. Mary's,1945,Richard Tyler,Eddie Breen
54,The Bells of St. Mary's,1945,Una O'Connor,Mrs. Breen
55,The Lord of the Rings: The Return of the King,2003,Noel Appleby,Everard Proudfoot
55,The Lord of the Rings: The Return of the King,2003,Ali Astin,Elanor Gamgee
55,The Lord of the Rings: The Return of the King,2003,Sean Astin,Sam
55,The Lord of the Rings: The Return of the King,2003,David Aston,Gondorian Soldier 3
55,The Lord of the Rings: The Return of the King,2003,John Bach,Madril
55,The Lord of the Rings: The Return of the King,2003,Sean Bean,Boromir
55,The Lord of the Rings: The Return of the King,2003,Cate Blanchett,Galadriel
55,The Lord of the Rings: The Return of the King,2003,Orlando Bloom,Legolas
55,The Lord of the Rings: The Return of the King,2003,Billy Boyd,Pippin
55,The Lord of the Rings: The Return of the King,2003,Sadwyn Brophy,Eldarion
56,Finding Nemo,2003,Albert Brooks,Marlin
56,Finding Nemo,2003,Ellen DeGeneres,Dory
56,Finding Nemo,2003,Alexander Gould,Nemo
56,Finding Nemo,2003,Willem Dafoe,Gill
56,Finding Nemo,2003,Brad Garrett,Bloat
56,Finding Nemo,2003,Allison Janney,Peach
56,Finding Nemo,2003,Austin Pendleton,Gurgle
56,Finding Nemo,2003,Stephen Root,Bubbles
56,Finding Nemo,2003,Vicki Lewis,Deb / Flo
56,Finding Nemo,2003,Joe Ranft,Jacques
57,The Towering Inferno,1974,Steve McQueen,Chief Mike O'Hallorhan
57,The Towering Inferno,1974,Paul Newman,Doug Roberts
57,The Towering Inferno,1974,William Holden,Jim Duncan
57,The Towering Inferno,1974,Faye Dunaway,Susan Franklin
57,The Towering Inferno,1974,Fred Astaire,Harlee Claiborne
57,The Towering Inferno,1974,Susan Blakely,Patty
57,The Towering Inferno,1974,Richard Chamberlain,Simmons
57,The Towering Inferno,1974,Jennifer Jones,Lisolette
57,The Towering Inferno,1974,O.J. Simpson,Jernigan
57,The Towering Inferno,1974,Robert Vaughn,Senator Parker
58,Spider-Man 2,2004,Tobey Maguire,Spider-Man / Peter Parker
58,Spider-Man 2,2004,Kirsten Dunst,Mary Jane Watson
58,Spider-Man 2,2004,James Franco,Harry Osborn
58,Spider-Man 2,2004,Alfred Molina,Doc Ock / Dr. Otto Octavius
58,Spider-Man 2,2004,Rosemary Harris,May Parker
58,Spider-Man 2,2004,J.K. Simmons,J. Jonah Jameson
58,Spider-Man 2,2004,Donna Murphy,Rosalie Octavius
58,Spider-Man 2,2004,Daniel Gillies,John Jameson
58,Spider-Man 2,2004,Dylan Baker,Dr. Curt Connors
58,Spider-Man 2,2004,Bill Nunn,Joseph 'Robbie' Robertson
59,My Fair Lady,1964,Audrey Hepburn,Eliza Doolittle
59,My Fair Lady,1964,Rex Harrison,Professor Henry Higgins
59,My Fair Lady,1964,Stanley Holloway,Alfred P. Doolittle
59,My Fair Lady,1964,Wilfrid Hyde-White,Colonel Hugh Pickering
59,My Fair Lady,1964,Gladys Cooper,Mrs. Higgins
59,My Fair Lady,1964,Jeremy Brett,Freddy Eynsford-Hill
59,My Fair Lady,1964,Theodore Bikel,Zoltan Karpathy
59,My Fair Lady,1964,Mona Washbourne,Mrs. Pearce
59,My Fair Lady,1964,Isobel Elsom,Mrs. Eynsford-Hill
59,My Fair Lady,1964,John Holland,Butler
60,The Greatest Show on Earth,1952,Betty Hutton,Holly
60,The Greatest Show on Earth,1952,Cornel Wilde,The Great Sebastian
60,The Greatest Show on Earth,1952,Charlton Heston,Brad Braden
60,The Greatest Show on Earth,1952,Dorothy Lamour,Phyllis
60,The Greatest Show on Earth,1952,Gloria Grahame,Angel
60,The Greatest Show on Earth,1952,Henry Wilcoxon,FBI Agent Gregory
60,The Greatest Show on Earth,1952,Lyle Bettger,Klaus
60,The Greatest Show on Earth,1952,Lawrence Tierney,Mr. Henderson
60,The Greatest Show on Earth,1952,Emmett Kelly,Emmett Kelly
60,The Greatest Show on Earth,1952,Cucciola,Cucciola
61,National Lampoon's Animal House,1978,Tom Hulce,Larry Kroger
61,National Lampoon's Animal House,1978,Stephen Furst,Kent Dorfman
61,National Lampoon's Animal House,1978,Mark Metcalf,Doug Neidermeyer
61,National Lampoon's Animal House,1978,Mary Louise Weller,Mandy Pepperidge
61,National Lampoon's Animal House,1978,Martha Smith,Babs Jansen
61,National Lampoon's Animal House,1978,James Daughton,Greg Marmalard
61,National Lampoon's Animal House,1978,Kevin Bacon,Chip Diller
61,National Lampoon's Animal House,1978,John Belushi,John Blutarsky
61,National Lampoon's Animal House,1978,Douglas Kenney,Stork
61,National Lampoon's Animal House,1978,Chris Miller,Hardbar
62,The Passion of the Christ,2004,Jim Caviezel,Jesus
62,The Passion of the Christ,2004,Maia Morgenstern,Mary
62,The Passion of the Christ,2004,Christo Jivkov,John
62,The Passion of the Christ,2004,Francesco De Vito,Peter
62,The Passion of the Christ,2004,Monica Bellucci,Magdalen
62,The Passion of the Christ,2004,Mattia Sbragia,Caiphas
62,The Passion of the Christ,2004,Toni Bertorelli,Annas
62,The Passion of the Christ,2004,Luca Lionello,Judas
62,The Passion of the Christ,2004,Hristo Shopov,Pontius Pilate
62,The Passion of the Christ,2004,Claudia Gerini,Claudia Procles
63,Star Wars: Episode III - Revenge of the Sith,2005,Ewan McGregor,Obi-Wan Kenobi
63,Star Wars: Episode III - Revenge of the Sith,2005,Natalie Portman,PadmÌ©
63,Star Wars: Episode III - Revenge of the Sith,2005,Hayden Christensen,Anakin Skywalker
63,Star Wars: Episode III - Revenge of the Sith,2005,Ian McDiarmid,Supreme Chancellor Palpatine
63,Star Wars: Episode III - Revenge of the Sith,2005,Samuel L. Jackson,Mace Windu
63,Star Wars: Episode III - Revenge of the Sith,2005,Jimmy Smits,Senator Bail Organa
63,Star Wars: Episode III - Revenge of the Sith,2005,Frank Oz,Yoda
63,Star Wars: Episode III - Revenge of the Sith,2005,Anthony Daniels,C-3PO
63,Star Wars: Episode III - Revenge of the Sith,2005,Christopher Lee,Count Dooku
63,Star Wars: Episode III - Revenge of the Sith,2005,Keisha Castle-Hughes,Queen of Naboo
64,Back to the Future,1985,Michael J. Fox,Marty McFly
64,Back to the Future,1985,Christopher Lloyd,Dr. Emmett Brown
64,Back to the Future,1985,Lea Thompson,Lorraine Baines
64,Back to the Future,1985,Crispin Glover,George McFly
64,Back to the Future,1985,Thomas F. Wilson,Biff Tannen
64,Back to the Future,1985,Claudia Wells,Jennifer Parker
64,Back to the Future,1985,Marc McClure,Dave McFly
64,Back to the Future,1985,Wendie Jo Sperber,Linda McFly
64,Back to the Future,1985,George DiCenzo,Sam Baines
64,Back to the Future,1985,Frances Lee McCain,Stella Baines
65,The Lord of the Rings: The Two Towers,2002,Bruce Allpress,Aldor
65,The Lord of the Rings: The Two Towers,2002,Sean Astin,Sam
65,The Lord of the Rings: The Two Towers,2002,John Bach,Madril
65,The Lord of the Rings: The Two Towers,2002,Sala Baker,Man Flesh Uruk
65,The Lord of the Rings: The Two Towers,2002,Cate Blanchett,Galadriel
65,The Lord of the Rings: The Two Towers,2002,Orlando Bloom,Legolas
65,The Lord of the Rings: The Two Towers,2002,Billy Boyd,Pippin
65,The Lord of the Rings: The Two Towers,2002,Jed Brophy,Sharku / Snaga
65,The Lord of the Rings: The Two Towers,2002,Sam Comery,Eothain
65,The Lord of the Rings: The Two Towers,2002,Brad Dourif,Wormtongue
66,The Dark Knight Rises,2012,Christian Bale,Bruce Wayne
66,The Dark Knight Rises,2012,Gary Oldman,Commissioner Gordon
66,The Dark Knight Rises,2012,Tom Hardy,Bane
66,The Dark Knight Rises,2012,Joseph Gordon-Levitt,Blake
66,The Dark Knight Rises,2012,Anne Hathaway,Selina
66,The Dark Knight Rises,2012,Marion Cotillard,Miranda
66,The Dark Knight Rises,2012,Morgan Freeman,Fox
66,The Dark Knight Rises,2012,Michael Caine,Alfred
66,The Dark Knight Rises,2012,Matthew Modine,Foley
66,The Dark Knight Rises,2012,Alon Aboutboul,Dr. Pavel
67,The Sixth Sense,1999,Bruce Willis,Dr. Malcolm Crowe
67,The Sixth Sense,1999,Haley Joel Osment,Cole Sear
67,The Sixth Sense,1999,Toni Collette,Lynn Sear
67,The Sixth Sense,1999,Olivia Williams,Anna Crowe
67,The Sixth Sense,1999,Trevor Morgan,Tommy Tammisimo
67,The Sixth Sense,1999,Donnie Wahlberg,Vincent Grey
67,The Sixth Sense,1999,Peter Anthony Tambakis,Darren
67,The Sixth Sense,1999,Jeffrey Zubernis,Bobby
67,The Sixth Sense,1999,Bruce Norris,Stanley Cunningham
67,The Sixth Sense,1999,Glenn Fitzgerald,Sean
68,Superman,1978,Marlon Brando,Jor-El
68,Superman,1978,Gene Hackman,Lex Luthor
68,Superman,1978,Christopher Reeve,Superman / Clark Kent
68,Superman,1978,Ned Beatty,Otis
68,Superman,1978,Jackie Cooper,Perry White
68,Superman,1978,Glenn Ford,Pa Kent
68,Superman,1978,Trevor Howard,1st Elder
68,Superman,1978,Margot Kidder,Lois Lane
68,Superman,1978,Jack O'Halloran,Non
68,Superman,1978,Valerie Perrine,Eve Teschmacher
69,Tootsie,1982,Dustin Hoffman,Michael Dorsey / Dorothy Michaels
69,Tootsie,1982,Jessica Lange,Julie
69,Tootsie,1982,Teri Garr,Sandy
69,Tootsie,1982,Dabney Coleman,Ron
69,Tootsie,1982,Charles Durning,Les
69,Tootsie,1982,Bill Murray,Jeff
69,Tootsie,1982,Sydney Pollack,George Fields
69,Tootsie,1982,George Gaynes,John Van Horn
69,Tootsie,1982,Geena Davis,April
69,Tootsie,1982,Doris Belack,Rita
70,Smokey and the Bandit,1977,Burt Reynolds,Bandit
70,Smokey and the Bandit,1977,Sally Field,Carrie
70,Smokey and the Bandit,1977,Jerry Reed,Cledus
70,Smokey and the Bandit,1977,Mike Henry,Junior
70,Smokey and the Bandit,1977,Paul Williams,Little Enos
70,Smokey and the Bandit,1977,Pat McCormick,Big Enos
70,Smokey and the Bandit,1977,Alfie Wise,Patrolman - Traffic Jam
70,Smokey and the Bandit,1977,George Reynolds,Branford
70,Smokey and the Bandit,1977,Macon McCalman,Mr. B
70,Smokey and the Bandit,1977,Linda McClure,Waynette
71,West Side Story,1961,Natalie Wood,Maria
71,West Side Story,1961,Richard Beymer,Tony
71,West Side Story,1961,Russ Tamblyn,Riff
71,West Side Story,1961,Rita Moreno,Anita
71,West Side Story,1961,George Chakiris,Bernardo
71,West Side Story,1961,Simon Oakland,Schrank
71,West Side Story,1961,Ned Glass,Doc
71,West Side Story,1961,William Bramley,Krupke
71,West Side Story,1961,Tucker Smith,Ice
71,West Side Story,1961,Tony Mordente,Action
72,Harry Potter and the Sorcerer's Stone,2001,Richard Harris,Professor Albus Dumbledore
72,Harry Potter and the Sorcerer's Stone,2001,Maggie Smith,Professor Minerva McGonagall
72,Harry Potter and the Sorcerer's Stone,2001,Robbie Coltrane,Rubeus Hagrid
72,Harry Potter and the Sorcerer's Stone,2001,Saunders Triplets,Baby Harry Potter
72,Harry Potter and the Sorcerer's Stone,2001,Daniel Radcliffe,Harry Potter
72,Harry Potter and the Sorcerer's Stone,2001,Fiona Shaw,Aunt Petunia Dursley
72,Harry Potter and the Sorcerer's Stone,2001,Harry Melling,Dudley Dursley
72,Harry Potter and the Sorcerer's Stone,2001,Richard Griffiths,Uncle Vernon Dursley
72,Harry Potter and the Sorcerer's Stone,2001,Derek Deadman,Tom - Bartender in Leaky Cauldron
72,Harry Potter and the Sorcerer's Stone,2001,Ian Hart,Professor Quirinus Quirrell
73,Lady and the Tramp,1955,Peggy Lee,Darling / Si / Am / Peg
73,Lady and the Tramp,1955,Larry Roberts,Tramp
73,Lady and the Tramp,1955,Bill Baucom,Trusty
73,Lady and the Tramp,1955,Verna Felton,Aunt Sarah
73,Lady and the Tramp,1955,George Givot,Tony
73,Lady and the Tramp,1955,Stan Freberg,Beaver
73,Lady and the Tramp,1955,Lee Millar,Jim Dear / Dog Catcher
73,Lady and the Tramp,1955,Barbara Luddy,Lady
73,Lady and the Tramp,1955,Bill Thompson,Jock / Bull - the Bull Terrier / Policeman at Zoo / Dachsie / Joe
73,Lady and the Tramp,1955,Dal McKennon,Toughy / Professor / Pedro / Hyena
74,Close Encounters of the Third Kind,1977/1980,Richard Dreyfuss,Roy Neary
74,Close Encounters of the Third Kind,1977/1980,FranÌ¤ois Truffaut,Claude Lacombe
74,Close Encounters of the Third Kind,1977/1980,Teri Garr,Ronnie Neary
74,Close Encounters of the Third Kind,1977/1980,Melinda Dillon,Jillian Guiler
74,Close Encounters of the Third Kind,1977/1980,Bob Balaban,David Laughlin
74,Close Encounters of the Third Kind,1977/1980,J. Patrick McNamara,Project Leader
74,Close Encounters of the Third Kind,1977/1980,Warren J. Kemmerling,Wild Bill
74,Close Encounters of the Third Kind,1977/1980,Roberts Blossom,Farmer
74,Close Encounters of the Third Kind,1977/1980,Philip Dodds,Jean Claude
74,Close Encounters of the Third Kind,1977/1980,Cary Guffey,Barry Guiler
75,Lawrence of Arabia,1962,Peter O'Toole,T.E. Lawrence
75,Lawrence of Arabia,1962,Alec Guinness,Prince Feisal
75,Lawrence of Arabia,1962,Anthony Quinn,Auda Abu Tayi
75,Lawrence of Arabia,1962,Jack Hawkins,General Allenby
75,Lawrence of Arabia,1962,Omar Sharif,Sherif Ali
75,Lawrence of Arabia,1962,JosÌ© Ferrer,Turkish Bey
75,Lawrence of Arabia,1962,Anthony Quayle,Colonel Brighton
75,Lawrence of Arabia,1962,Claude Rains,Mr. Dryden
75,Lawrence of Arabia,1962,Arthur Kennedy,Jackson Bentley
75,Lawrence of Arabia,1962,Donald Wolfit,General Murray
76,The Rocky Horror Picture Show,1975,Tim Curry,Dr. Frank-N-Furter - A Scientist
76,The Rocky Horror Picture Show,1975,Susan Sarandon,Janet Weiss - A Heroine
76,The Rocky Horror Picture Show,1975,Barry Bostwick,Brad Majors - A Hero
76,The Rocky Horror Picture Show,1975,Richard O'Brien,Riff Raff - A Handyman
76,The Rocky Horror Picture Show,1975,Patricia Quinn,Magenta - A Domestic
76,The Rocky Horror Picture Show,1975,Nell Campbell,Columbia - A Groupie
76,The Rocky Horror Picture Show,1975,Jonathan Adams,Dr. Everett V. Scott - A Rival Scientist
76,The Rocky Horror Picture Show,1975,Peter Hinwood,Rocky Horror - A Creation
76,The Rocky Horror Picture Show,1975,Meat Loaf,Eddie - Ex Delivery Boy
76,The Rocky Horror Picture Show,1975,Charles Gray,The Criminologist - An Expert
77,Rocky,1976,Sylvester Stallone,Rocky
77,Rocky,1976,Talia Shire,Adrian
77,Rocky,1976,Burt Young,Paulie
77,Rocky,1976,Carl Weathers,Apollo
77,Rocky,1976,Burgess Meredith,Mickey
77,Rocky,1976,Thayer David,Jergens
77,Rocky,1976,Joe Spinell,Gazzo
77,Rocky,1976,Jimmy Gambina,Mike
77,Rocky,1976,Bill Baldwin,Fight Announcer
77,Rocky,1976,Al Silvani,Cut Man
78,The Best Years of Our Lives,1946,Myrna Loy,Milly Stephenson
78,The Best Years of Our Lives,1946,Fredric March,Al Stephenson
78,The Best Years of Our Lives,1946,Dana Andrews,Fred Derry
78,The Best Years of Our Lives,1946,Teresa Wright,Peggy Stephenson
78,The Best Years of Our Lives,1946,Virginia Mayo,Marie Derry
78,The Best Years of Our Lives,1946,Cathy O'Donnell,Wilma Cameron
78,The Best Years of Our Lives,1946,Hoagy Carmichael,Butch Engle
78,The Best Years of Our Lives,1946,Harold Russell,Homer Parrish
78,The Best Years of Our Lives,1946,Gladys George,Hortense Derry
78,The Best Years of Our Lives,1946,Roman Bohnen,Pat Derry
79,The Poseidon Adventure,1972,Josh Lucas,Dylan Johns
79,The Poseidon Adventure,1972,Kurt Russell,Robert Ramsey
79,The Poseidon Adventure,1972,Jacinda Barrett,Maggie James
79,The Poseidon Adventure,1972,Richard Dreyfuss,Richard Nelson
79,The Poseidon Adventure,1972,Emmy Rossum,Jennifer Ramsey
79,The Poseidon Adventure,1972,MÌ_a Maestro,Elena Morales
79,The Poseidon Adventure,1972,Mike Vogel,Christian
79,The Poseidon Adventure,1972,Kevin Dillon,Lucky Larry
79,The Poseidon Adventure,1972,Freddy RodrÌ_guez,Marco Valentin
79,The Poseidon Adventure,1972,Jimmy Bennett,Conor James
80,The Lord of the Rings: The Fellowship of the Ring,2001,Alan Howard,Voice of the Ring
80,The Lord of the Rings: The Fellowship of the Ring,2001,Noel Appleby,Everard Proudfoot
80,The Lord of the Rings: The Fellowship of the Ring,2001,Sean Astin,Sam
80,The Lord of the Rings: The Fellowship of the Ring,2001,Sala Baker,Sauron
80,The Lord of the Rings: The Fellowship of the Ring,2001,Sean Bean,Boromir
80,The Lord of the Rings: The Fellowship of the Ring,2001,Cate Blanchett,Galadriel
80,The Lord of the Rings: The Fellowship of the Ring,2001,Orlando Bloom,Legolas
80,The Lord of the Rings: The Fellowship of the Ring,2001,Billy Boyd,Pippin
80,The Lord of the Rings: The Fellowship of the Ring,2001,Marton Csokas,Celeborn
80,The Lord of the Rings: The Fellowship of the Ring,2001,Megan Edwards,Mrs. Proudfoot
81,Twister,1996,Helen Hunt,Dr. Jo Harding
81,Twister,1996,Bill Paxton,Bill Harding
81,Twister,1996,Cary Elwes,Dr. Jonas Miller
81,Twister,1996,Jami Gertz,Dr. Melissa Reeves
81,Twister,1996,Philip Seymour Hoffman,Dustin Davis
81,Twister,1996,Lois Smith,Meg Greene
81,Twister,1996,Alan Ruck,Robert 'Rabbit' Nurick
81,Twister,1996,Sean Whalen,Allan Sanders
81,Twister,1996,Scott Thomson,Jason 'Preacher' Rowe
81,Twister,1996,Todd Field,Tim 'Beltzer' Lewis
82,Men in Black,1997,Tommy Lee Jones,Kay
82,Men in Black,1997,Will Smith,Jay
82,Men in Black,1997,Linda Fiorentino,Laurel Weaver
82,Men in Black,1997,Vincent D'Onofrio,Edgar
82,Men in Black,1997,Rip Torn,Zed
82,Men in Black,1997,Tony Shalhoub,Jeebs
82,Men in Black,1997,Siobhan Fallon Hogan,Beatrice
82,Men in Black,1997,Mike Nussbaum,Gentle Rosenburg
82,Men in Black,1997,Jon Gries,Van Driver
82,Men in Black,1997,Sergio CalderÌ_n,JosÌ©
83,The Bridge On The River Kwai,1957,William Holden,Shears
83,The Bridge On The River Kwai,1957,Alec Guinness,Colonel Nicholson
83,The Bridge On The River Kwai,1957,Jack Hawkins,Major Warden
83,The Bridge On The River Kwai,1957,Sessue Hayakawa,Colonel Saito
83,The Bridge On The River Kwai,1957,James Donald,Major Clipton
83,The Bridge On The River Kwai,1957,Geoffrey Horne,Lieutenant Joyce
83,The Bridge On The River Kwai,1957,AndrÌ© Morell,Colonel Green
83,The Bridge On The River Kwai,1957,Peter Williams,Captain Reeves
83,The Bridge On The River Kwai,1957,John Boxer,Major Hughes
83,The Bridge On The River Kwai,1957,Percy Herbert,Grogan
84,Transformers: Revenge of the Fallen,2009,Shia LaBeouf,Sam Witwicky
84,Transformers: Revenge of the Fallen,2009,Megan Fox,Mikaela Banes
84,Transformers: Revenge of the Fallen,2009,Josh Duhamel,Major Lennox
84,Transformers: Revenge of the Fallen,2009,Tyrese Gibson,USAF Chief Master Sergeant Epps
84,Transformers: Revenge of the Fallen,2009,John Turturro,Simmons
84,Transformers: Revenge of the Fallen,2009,Ramon Rodriguez,Leo Spitz
84,Transformers: Revenge of the Fallen,2009,Kevin Dunn,Ron Witwicky
84,Transformers: Revenge of the Fallen,2009,Julie White,Judy Witwicky
84,Transformers: Revenge of the Fallen,2009,Isabel Lucas,Alice
84,Transformers: Revenge of the Fallen,2009,John Benjamin Hickey,Galloway
85,"""It's a Mad, Mad, Mad, Mad World",1963,Spencer Tracy,Capt. T. G. Culpepper
85,"""It's a Mad, Mad, Mad, Mad World",1963,Milton Berle,J. Russell Finch
85,"""It's a Mad, Mad, Mad, Mad World",1963,Sid Caesar,Melville Crump
85,"""It's a Mad, Mad, Mad, Mad World",1963,Buddy Hackett,Benjy Benjamin
85,"""It's a Mad, Mad, Mad, Mad World",1963,Ethel Merman,Mrs. Marcus
85,"""It's a Mad, Mad, Mad, Mad World",1963,Mickey Rooney,Ding Bell
85,"""It's a Mad, Mad, Mad, Mad World",1963,Dick Shawn,Sylvester Marcus
85,"""It's a Mad, Mad, Mad, Mad World",1963,Phil Silvers,Otto Meyer
85,"""It's a Mad, Mad, Mad, Mad World",1963,Terry-Thomas,J. Algernon Hawthorne
85,"""It's a Mad, Mad, Mad, Mad World",1963,Jonathan Winters,Lennie Pike
86,Swiss Family Robinson,1960,John Mills,Father
86,Swiss Family Robinson,1960,Dorothy McGuire,Mother
86,Swiss Family Robinson,1960,James MacArthur,Fritz
86,Swiss Family Robinson,1960,Janet Munro,Roberta 'Bertie'
86,Swiss Family Robinson,1960,Sessue Hayakawa,Pirate Chief Kuala
86,Swiss Family Robinson,1960,Tommy Kirk,Ernst
86,Swiss Family Robinson,1960,Kevin Corcoran,Francis
86,Swiss Family Robinson,1960,Cecil Parker,Captain Moreland
86,Swiss Family Robinson,1960,Andy Ho,Auban
86,Swiss Family Robinson,1960,Milton Reid,Big Pirate
87,One Flew Over the Cuckoo's Nest,1975,Michael Berryman,Ellis
87,One Flew Over the Cuckoo's Nest,1975,Peter Brocco,Col. Matterson
87,One Flew Over the Cuckoo's Nest,1975,Dean R. Brooks,Dr. Spivey
87,One Flew Over the Cuckoo's Nest,1975,Alonzo Brown,Miller
87,One Flew Over the Cuckoo's Nest,1975,Scatman Crothers,Turkle
87,One Flew Over the Cuckoo's Nest,1975,Mwako Cumbuka,Warren
87,One Flew Over the Cuckoo's Nest,1975,Danny DeVito,Martini
87,One Flew Over the Cuckoo's Nest,1975,William Duell,Sefelt
87,One Flew Over the Cuckoo's Nest,1975,Josip Elic,Bancini
87,One Flew Over the Cuckoo's Nest,1975,Lan Fendors,Nurse Itsu
88,M*A*S*H,1970,Alan Alda,Captain Benjamin Franklin Pierce
88,M*A*S*H,1970,Loretta Swit,Major Margaret Houlihan
88,M*A*S*H,1970,Jamie Farr,Maxwell Klinger
88,M*A*S*H,1970,William Christopher,Father Francis Mulcahy
88,M*A*S*H,1970,Harry Morgan,Colonel Sherman T. Potter / ...
88,M*A*S*H,1970,Mike Farrell,Captain B.J. Hunnicut
88,M*A*S*H,1970,Gary Burghoff,Corporal Walter Eugene O'Reilly
88,M*A*S*H,1970,Kellye Nakahara,Lieutenant Kellye Yamato / ...
88,M*A*S*H,1970,David Ogden Stiers,Major Charles Winchester
88,M*A*S*H,1970,Larry Linville,Major Franklin Marion Burns
89,Indiana Jones and the Temple of Doom,1984,Harrison Ford,Indiana Jones
89,Indiana Jones and the Temple of Doom,1984,Kate Capshaw,Willie Scott
89,Indiana Jones and the Temple of Doom,1984,Jonathan Ke Quan,Short Round
89,Indiana Jones and the Temple of Doom,1984,Amrish Puri,Mola Ram
89,Indiana Jones and the Temple of Doom,1984,Roshan Seth,Chattar Lal
89,Indiana Jones and the Temple of Doom,1984,Philip Stone,Captain Blumburtt
89,Indiana Jones and the Temple of Doom,1984,Roy Chiao,Lao Che
89,Indiana Jones and the Temple of Doom,1984,David Yip,Wu Han
89,Indiana Jones and the Temple of Doom,1984,Ric Young,Kao Kan
89,Indiana Jones and the Temple of Doom,1984,Chua Kah Joo,Chen
90,Avengers: Age of Ultron,2015,Robert Downey Jr.,Tony Stark / Iron Man
90,Avengers: Age of Ultron,2015,Chris Hemsworth,Thor
90,Avengers: Age of Ultron,2015,Mark Ruffalo,Bruce Banner / Hulk
90,Avengers: Age of Ultron,2015,Chris Evans,Steve Rogers / Captain America
90,Avengers: Age of Ultron,2015,Scarlett Johansson,Natasha Romanoff / Black Widow
90,Avengers: Age of Ultron,2015,Jeremy Renner,Clint Barton / Hawkeye
90,Avengers: Age of Ultron,2015,James Spader,Ultron
90,Avengers: Age of Ultron,2015,Samuel L. Jackson,Nick Fury
90,Avengers: Age of Ultron,2015,Don Cheadle,James Rhodes / War Machine
90,Avengers: Age of Ultron,2015,Aaron Taylor-Johnson,Pietro Maximoff / Quicksilver
91,Star Wars: Episode II - Attack of the Clones,2002,Ewan McGregor,Obi-Wan Kenobi
91,Star Wars: Episode II - Attack of the Clones,2002,Natalie Portman,PadmÌ©
91,Star Wars: Episode II - Attack of the Clones,2002,Hayden Christensen,Anakin Skywalker
91,Star Wars: Episode II - Attack of the Clones,2002,Christopher Lee,Count Dooku / Darth Tyranus
91,Star Wars: Episode II - Attack of the Clones,2002,Samuel L. Jackson,Mace Windu
91,Star Wars: Episode II - Attack of the Clones,2002,Frank Oz,Yoda
91,Star Wars: Episode II - Attack of the Clones,2002,Ian McDiarmid,Supreme Chancellor Palpatine
91,Star Wars: Episode II - Attack of the Clones,2002,Pernilla August,Shmi Skywalker
91,Star Wars: Episode II - Attack of the Clones,2002,Temuera Morrison,Jango Fett
91,Star Wars: Episode II - Attack of the Clones,2002,Jimmy Smits,Senator Bail Organa
92,Mrs. Doubtfire,1993,Robin Williams,Daniel Hillard / Mrs. Doubtfire
92,Mrs. Doubtfire,1993,Sally Field,Miranda Hillard
92,Mrs. Doubtfire,1993,Pierce Brosnan,Stu
92,Mrs. Doubtfire,1993,Harvey Fierstein,Frank
92,Mrs. Doubtfire,1993,Polly Holliday,Gloria
92,Mrs. Doubtfire,1993,Lisa Jakub,Lydia Hillard
92,Mrs. Doubtfire,1993,Matthew Lawrence,Chris Hillard
92,Mrs. Doubtfire,1993,Mara Wilson,Natalie Hillard
92,Mrs. Doubtfire,1993,Robert Prosky,Mr. Lundy
92,Mrs. Doubtfire,1993,Anne Haney,Mrs. Sellner
93,Aladdin,1992,Scott Weinger,Aladdin
93,Aladdin,1992,Robin Williams,Genie / Peddler
93,Aladdin,1992,Linda Larkin,Jasmine
93,Aladdin,1992,Jonathan Freeman,Jafar
93,Aladdin,1992,Frank Welker,Abu / Cave of Wonders / Rajah
93,Aladdin,1992,Gilbert Gottfried,Iago
93,Aladdin,1992,Douglas Seale,Sultan
93,Aladdin,1992,Charles Adler,Gazeem / Melon Merchant / Nut Merchant
93,Aladdin,1992,Jack Angel,Additional Voices
93,Aladdin,1992,Corey Burton,Prince Achmed / Necklace Merchant
94,Toy Story 3,2010,Tom Hanks,Woody
94,Toy Story 3,2010,Tim Allen,Buzz Lightyear
94,Toy Story 3,2010,Joan Cusack,Jessie
94,Toy Story 3,2010,Ned Beatty,Lotso
94,Toy Story 3,2010,Don Rickles,Mr. Potato Head
94,Toy Story 3,2010,Michael Keaton,Ken
94,Toy Story 3,2010,Wallace Shawn,Rex
94,Toy Story 3,2010,John Ratzenberger,Hamm
94,Toy Story 3,2010,Estelle Harris,Mrs. Potato Head
94,Toy Story 3,2010,John Morris,Andy
95,Ghost,1990,Patrick Swayze,Sam Wheat
95,Ghost,1990,Demi Moore,Molly Jensen
95,Ghost,1990,Whoopi Goldberg,Oda Mae Brown
95,Ghost,1990,Tony Goldwyn,Carl Bruner
95,Ghost,1990,Stanley Lawrence,Elevator Man
95,Ghost,1990,Christopher J. Keene,Elevator Man
95,Ghost,1990,Susan Breslau,Susan
95,Ghost,1990,Martina Deignan,Rose
95,Ghost,1990,Rick Kleber,Mover
95,Ghost,1990,Macka Foley,Mover
96,The Hunger Games: Catching Fire,2013,Jennifer Lawrence,Katniss Everdeen
96,The Hunger Games: Catching Fire,2013,Liam Hemsworth,Gale Hawthorne
96,The Hunger Games: Catching Fire,2013,Jack Quaid,Marvel
96,The Hunger Games: Catching Fire,2013,Taylor St. Clair,Ripper
96,The Hunger Games: Catching Fire,2013,Sandra Ellis Lafferty,Greasy Sae
96,The Hunger Games: Catching Fire,2013,Woody Harrelson,Haymitch Abernathy
96,The Hunger Games: Catching Fire,2013,Josh Hutcherson,Peeta Mellark
96,The Hunger Games: Catching Fire,2013,Paula Malcomson,Katniss' Mother
96,The Hunger Games: Catching Fire,2013,Willow Shields,Primrose Everdeen
96,The Hunger Games: Catching Fire,2013,Donald Sutherland,President Snow
97,Duel in the Sun,1946,Jennifer Jones,Pearl Chavez
97,Duel in the Sun,1946,Joseph Cotten,Jesse McCanles
97,Duel in the Sun,1946,Gregory Peck,Lewton 'Lewt' McCanles
97,Duel in the Sun,1946,Lionel Barrymore,Sen. Jackson McCanles
97,Duel in the Sun,1946,Herbert Marshall,Scott Chavez
97,Duel in the Sun,1946,Lillian Gish,Laura Belle McCanles
97,Duel in the Sun,1946,Walter Huston,The Sinkiller
97,Duel in the Sun,1946,Charles Bickford,Sam Pierce
97,Duel in the Sun,1946,Harry Carey,Lem Smoot
97,Duel in the Sun,1946,Joan Tetzel,Helen Langford
98,The Hunger Games,2012,Stanley Tucci,Caesar Flickerman
98,The Hunger Games,2012,Wes Bentley,Seneca Crane
98,The Hunger Games,2012,Jennifer Lawrence,Katniss Everdeen
98,The Hunger Games,2012,Willow Shields,Primrose Everdeen
98,The Hunger Games,2012,Liam Hemsworth,Gale Hawthorne
98,The Hunger Games,2012,Elizabeth Banks,Effie Trinket
98,The Hunger Games,2012,Sandra Ellis Lafferty,Hob Vendor
98,The Hunger Games,2012,Paula Malcomson,Katniss' Mother
98,The Hunger Games,2012,Rhoda Griffis,Registration Woman
98,The Hunger Games,2012,Sandino Moya,Propaganda Film Tribute
99,Pirates of the Caribbean: The Curse of the Black Pearl,2003,Johnny Depp,Jack Sparrow
99,Pirates of the Caribbean: The Curse of the Black Pearl,2003,Geoffrey Rush,Barbossa
99,Pirates of the Caribbean: The Curse of the Black Pearl,2003,Orlando Bloom,Will Turner
99,Pirates of the Caribbean: The Curse of the Black Pearl,2003,Keira Knightley,Elizabeth Swann
99,Pirates of the Caribbean: The Curse of the Black Pearl,2003,Jack Davenport,Norrington
99,Pirates of the Caribbean: The Curse of the Black Pearl,2003,Jonathan Pryce,Governor Weatherby Swann
99,Pirates of the Caribbean: The Curse of the Black Pearl,2003,Lee Arenberg,Pintel
99,Pirates of the Caribbean: The Curse of the Black Pearl,2003,Mackenzie Crook,Ragetti
99,Pirates of the Caribbean: The Curse of the Black Pearl,2003,Damian O'Hare,Lt. Gillette
99,Pirates of the Caribbean: The Curse of the Black Pearl,2003,Giles New,Murtogg
100,House of Wax,1953,Elisha Cuthbert,Carly Jones
100,House of Wax,1953,Chad Michael Murray,Nick Jones
100,House of Wax,1953,Brian Van Holt,Bo / Vincent
100,House of Wax,1953,Paris Hilton,Paige Edwards
100,House of Wax,1953,Jared Padalecki,Wade
100,House of Wax,1953,Jon Abrahams,Dalton Chapman
100,House of Wax,1953,Robert Ri'chard,Blake
100,House of Wax,1953,Dragicia Debert,Trudy Sinclair
100,House of Wax,1953,Thomas Adamson,Young Bo
100,House of Wax,1953,Murray Smith,Dr. Victor Sinclair